<?xml version="1.0" encoding="UTF-8"?>
<!-- Lets create a root element "MOVIES" -->
<Movies> 
    <!-- Creating an element "MOVIE1" for the first movie -->
    <MOVIE1> EkVillain
        <!-- Adding child elements, "YEAR", "DIRECTOR", "LENGTH", "ACTORS" -->
        <Year>2014</Year>
        <Director>Mohit Suri</Director>
        <Length>129 minutes</Length>
        <Actors>
            <!-- Creating child element for "Actor1" under element "ACTORS" -->
            <ACTOR1>
                <!-- Creating  elements "FIRSTNAME", "LASTNAME", "YEARBORN" under element "ACTOR1" -->
                <FIRSTNAME>Sidharth</FIRSTNAME>
                <LASTNAME>Malhotra</LASTNAME>
                <YEARBORN>1985</YEARBORN>
            </ACTOR1>
            <!-- Creating an element "ACTOR2> to include the second actor in the first movie -->
            <ACTOR2>
                <!-- Creating  elements "FIRSTNAME", "LASTNAME", "YEARBORN" under element "ACTOR2" -->
                <FIRSTNAME>Shraddha</FIRSTNAME>
                <LASTNAME>Kapoor</LASTNAME>
                <YEARBORN>1987</YEARBORN>
            </ACTOR2>
        </Actors>
    </MOVIE1>
    <!-- Creating an element "MOVIE2" for the Second movie -->
    <MOVIE2> Mallimalli Idhi Rani Roju
        <!-- Adding child elements, "YEAR", "DIRECTOR", "LENGTH", "ACTORS" -->
        <Year>2015</Year>
        <Director>Kranthi Madhav</Director>
        <Length>161 minutes</Length>
        <Actors>
            <!-- Creating child element for "Actor1" under element "ACTORS" -->
            <ACTOR1>
                <!-- Creating  elements "FIRSTNAME", "LASTNAME", "YEARBORN" under element "ACTOR1" -->
                <FIRSTNAME>Sharwanand</FIRSTNAME>
                <LASTNAME>Myneni</LASTNAME>
                <YEARBORN>1984</YEARBORN>
            </ACTOR1>
            <!-- Creating an element "ACTOR2> to include the second actor in the Second movie -->
            <ACTOR2>
                <!-- Creating  elements "FIRSTNAME", "LASTNAME", "YEARBORN" under element "ACTOR2" -->
                <FIRSTNAME>Nitya</FIRSTNAME>
                <LASTNAME>Menen</LASTNAME>
                <YEARBORN>1988</YEARBORN>
            </ACTOR2>
        </Actors>
    </MOVIE2>
</Movies>
